Wall time,Step,Value
1543805125.1569927,2793,0.01843506470322609
1543805132.7054517,3816,0.03266038000583649
1543805161.7192917,8049,0.04504161328077316
1543805169.1453197,9194,0.05203406140208244
1543805174.782805,10061,0.02721440978348255
1543805182.5203292,11157,0.041093915700912476
1543805237.2296755,17775,0.05516517907381058
1543805284.6882644,23510,0.00819488987326622
1543805291.945449,24357,0.009865881875157356
1543805299.1027176,25286,0.023226290941238403
1543805344.3725643,30568,0.003398846136406064
1543805365.992644,33193,0.01693512126803398
1543805429.6157188,40857,0.050409674644470215
1543805441.4472363,42422,0.07347489893436432
1543805455.7053506,44117,0.04854641482234001
1543805566.8910275,57723,0.03034410998225212
1543805575.7895443,58704,0.01467445120215416
1543805725.3858254,77130,0.03748365864157677
1543805751.2307703,80239,0.034348297864198685
1543805822.0359426,88932,0.05437324196100235
1543805845.7305875,91991,0.06821514666080475
1543805877.7473552,95958,0.08653419464826584
1543805932.4557478,102931,0.024191653355956078
1543805960.2007987,106107,0.11781685054302216
1543805972.092449,107634,0.09994830191135406
1543806003.1412106,111480,0.048408493399620056
1543806075.482451,121135,0.07394255697727203
1543806077.6331456,121354,0.07005134969949722
1543806098.4601886,123867,0.07700043171644211
1543806114.8121283,125745,0.047912176698446274
1543806141.88504,129328,0.1423196941614151
1543806185.6351137,135284,0.0994710922241211
1543806233.893506,141412,0.059698641300201416
1543806238.808125,142057,0.03873949497938156
1543806272.9010174,146483,0.15208452939987183
1543806288.998336,148658,0.08809508383274078
1543806294.3334577,149473,0.03379283845424652
1543806334.7293088,155142,0.10271123796701431
1543806388.3202367,162029,0.04085399955511093
1543806397.1303875,163125,0.03605358302593231
1543806443.8651252,169197,0.018599599599838257
1543806473.975611,172985,0.07048118114471436
1543806487.1977699,174538,0.06836087256669998
1543806608.1700008,190073,0.021502932533621788
1543806619.6839323,191597,0.03611128777265549
1543806681.8881645,199471,0.16365480422973633
1543806691.1097713,200547,0.06225081533193588
1543806698.541358,201551,0.049084246158599854
1543806775.125406,211312,0.06441091746091843
1543806780.089965,211921,0.03986777737736702
1543806842.1363466,219504,0.12423044443130493
1543806871.5816073,222935,0.1183483898639679
1543806890.6951468,225299,0.1002243161201477
1543806979.4494476,236135,0.026889994740486145
1543807003.450259,239129,0.03622982278466225
1543807193.6494052,262127,0.0679815262556076
1543807249.5659318,268997,0.02964964136481285
1543807266.7986143,270862,0.037893861532211304
1543807281.1921794,272663,0.08881597965955734
1543807374.7797124,283837,0.07781773805618286
1543807419.2777731,289400,0.045266807079315186
1543807473.164635,296149,0.10968390107154846
1543807586.1990962,309863,0.0332961268723011
1543807623.4769914,314191,0.05095769464969635
1543807657.1259809,318292,0.031665246933698654
1543807691.1544144,322624,0.07846121490001678
1543807993.7794828,359858,0.02440773695707321
1543808010.320364,361895,0.05699668452143669
1543808024.3092794,363540,0.08993548154830933
1543808072.9546394,369658,0.03252916783094406
1543808101.058993,373212,0.06613388657569885
1543808113.2399993,374725,0.04053768143057823
1543808145.0319462,378617,0.036788858473300934
1543808151.5401132,379262,0.04881260544061661
1543808180.7303226,383132,0.04726005718111992
1543808180.938421,383180,0.040793560445308685
1543808192.293678,384653,0.1106080487370491
1543808225.761617,388671,0.0883939191699028
1543808235.4952707,389788,0.070508673787117
1543808261.9577787,393148,0.046757109463214874
1543808342.4154043,402861,0.07280417531728745
1543808403.400563,410355,0.07189448177814484
1543808416.3097365,411819,0.04202995449304581
1543808421.0551736,412413,0.041623830795288086
1543808567.4620779,429872,0.02791334129869938
1543808579.6059897,431185,0.04246888682246208
1543808589.6659224,432401,0.1296710968017578
1543808627.3637588,436963,0.030672509223222733
1543808632.2228224,437556,0.017427995800971985
1543808701.6401587,446024,0.04764619097113609
1543808722.4061885,448764,0.02096259593963623
1543808722.5547724,448796,0.02021035924553871
1543808729.274513,449615,0.06818781048059464
1543808774.8734436,455257,0.03542175889015198
1543808792.066356,457286,0.057072192430496216
1543808824.0140083,461141,0.10006783157587051
1543808873.8031569,467053,0.06078708916902542
1543808894.8354132,469714,0.021661944687366486
1543808961.893173,477555,0.08174367994070053
1543808967.3295717,478188,0.028136711567640305
1543809115.0184345,496125,0.03577502444386482
1543809115.0957654,496141,0.02812342531979084
1543809241.95886,511199,0.03534597158432007
1543809388.6250548,528561,0.04214555025100708
1543809455.2751532,536417,0.03907489776611328
1543809459.7274902,537040,0.16362762451171875
1543809469.9094534,538292,0.02704116329550743
1543809491.96065,540930,0.09680622816085815
1543809500.6182468,542074,0.04113617166876793
1543809589.758101,552925,0.052933499217033386
1543809617.5081637,556137,0.05908418819308281
1543809620.8584142,556582,0.021948445588350296
1543809643.6637359,559341,0.04576834291219711
1543809691.5329387,565008,0.1409718096256256
1543809714.3773463,567674,0.044927261769771576
1543809729.1392787,569418,0.07032091170549393
1543809731.7247274,569707,0.128359854221344
1543809838.9328275,583007,0.06653392314910889
1543809845.499779,583682,0.04095999523997307
1543809914.3797169,591544,0.04984044283628464
1543809923.6182132,592602,0.09165189415216446
1543810001.3313196,601955,0.0548616498708725
1543810037.1321225,605943,0.08824954926967621
1543810053.1675205,608027,0.023745693266391754
1543810073.4419026,610395,0.021983742713928223
1543810075.2709517,610574,0.03496485948562622
1543810095.5106258,612866,0.07133176177740097
1543810118.5583565,615567,0.042723193764686584
1543810148.6387527,619023,0.025663714855909348
1543810153.281761,619583,0.021197017282247543
1543810205.540917,626049,0.06370801478624344
1543810207.655517,626317,0.07105405628681183
1543810213.072799,626949,0.06356894969940186
1543810221.1969235,627999,0.039443694055080414
1543810228.1085534,628747,0.10735170543193817
1543810233.6313405,629485,0.024754701182246208
1543810253.376431,631753,0.057198598980903625
1543810303.6318362,638031,0.03432827442884445
1543810328.7909038,641133,0.030568737536668777
1543810340.8727217,642623,0.07656633108854294
1543810459.1254506,656483,0.03668641299009323
1543810479.5938177,658853,0.0379781648516655
1543810554.2353497,667669,0.050574883818626404
1543810567.2306664,669161,0.042312800884246826
1543810660.2431986,680531,0.07570187747478485
1543810664.9923213,681062,0.04072694852948189
1543810694.2942357,684734,0.047903791069984436
1543810749.4182312,691621,0.06745165586471558
1543810793.9061768,697324,0.06385873258113861
1543810835.838441,702645,0.07519091665744781
1543810853.6144512,704773,0.03104867786169052
1543810945.4579036,715479,0.04532429575920105
1543810988.3286753,720295,0.12212979793548584
1543811006.3562636,722544,0.03486498445272446
1543811079.6411757,731433,0.021930746734142303
1543811144.1402066,738758,0.0620436891913414
1543811176.6886866,742773,0.08634020388126373
1543811237.354018,749898,0.07073947787284851
1543811271.1071196,753730,0.028726251795887947
1543811307.0035708,757949,0.06835232675075531
1543811317.9608684,759275,0.023203769698739052
1543811358.264869,764111,0.06402239948511124
1543811394.002261,768329,0.044502291828393936
1543811436.086031,773700,0.08943851292133331
1543811531.0694497,784759,0.05620661377906799
1543811581.156047,790698,0.0666695162653923
1543811583.885937,791029,0.09490937739610672
1543811750.9604058,810709,0.050946567207574844
1543811770.7600658,813125,0.05822911858558655
1543811781.3970313,814686,0.05426874756813049
1543811796.624002,816580,0.03191661089658737
1543811827.1196623,820184,0.08468858897686005
1543811839.920665,821720,0.062464017421007156
1543811860.3310897,824225,0.08675584197044373
1543811860.8909452,824337,0.0417921356856823
1543811868.0487838,825163,0.02326408587396145
1543811877.4800086,826168,0.10499528050422668
1543811958.275076,835664,0.0851970762014389
1543811981.8406825,838596,0.07941260933876038
1543812046.7474115,846381,0.02876591682434082
1543812068.5743062,848947,0.07069593667984009
1543812091.9216862,851806,0.049302421510219574
1543812197.9472828,864194,0.08509602397680283
1543812210.6601324,865593,0.02858315035700798
1543812351.3941977,883071,0.059667401015758514
1543812405.901831,889594,0.051814738661050797
1543812423.0527618,891544,0.07518570125102997
1543812458.580473,895918,0.06482672691345215
1543812491.071888,900239,0.07997076213359833
1543812662.4547758,921149,0.07544498145580292
1543812674.6951199,922670,0.08254024386405945
1543812695.0796518,925003,0.0976831316947937
1543812779.108563,935217,0.07681737095117569
1543812787.030559,936246,0.04728967696428299
1543812809.4017327,938894,0.0989513248205185
1543812907.0550525,950896,0.09699981659650803
1543812931.705298,954324,0.1218433529138565
1543812954.8508441,957523,0.050552427768707275
1543812969.6639423,959434,0.05851931497454643
1543813059.7418504,970983,0.0745483934879303
1543813137.58011,980338,0.062228187918663025
1543813197.8301268,987512,0.087883360683918
1543813232.5634255,992027,0.10341275483369827
1543813237.625823,992823,0.08188742399215698
1543813261.6806376,995819,0.07946741580963135
1543813264.0795252,996089,0.09911542385816574
1543813320.0718546,1003196,0.08584175258874893
1543813357.6539218,1007628,0.040436431765556335
1543813359.738937,1007855,0.08159039914608002
1543813382.7136042,1011043,0.06997667253017426
1543813389.893875,1011963,0.15466007590293884
1543813530.309092,1029217,0.07103566825389862
1543813550.3674963,1031898,0.05541115999221802
1543813607.5052228,1039256,0.07838185876607895
1543813645.6095476,1044165,0.04887828975915909
1543813679.6961272,1048285,0.07898189127445221
1543813768.733412,1059363,0.1207628846168518
1543813796.4768329,1063066,0.07071053981781006
1543813810.931068,1064638,0.18563702702522278
1543813839.0784886,1068093,0.06896847486495972
1543813844.151243,1068657,0.16403277218341827
1543813919.2112255,1078355,0.05696554109454155
1543813946.5194392,1081853,0.07000400125980377
1543814094.667968,1100454,0.10604619979858398
1543814137.5565648,1105978,0.04397221654653549
1543814142.1965687,1106523,0.10037606954574585
1543814144.7468004,1106802,0.04814964160323143
1543814224.839492,1116879,0.07260797917842865
1543814231.208029,1117780,0.041849322617053986
1543814250.503727,1120245,0.07858377695083618
1543814283.3134434,1124139,0.08783477544784546
1543814367.942181,1135490,0.10550318658351898
1543814368.4481852,1135586,0.07987503707408905
1543814385.9133878,1138053,0.1487882286310196
1543814413.4523635,1141458,0.05547434091567993
1543814528.539314,1155643,0.05552133545279503
1543814538.9872756,1156899,0.06310670077800751
1543814672.9306273,1173973,0.1499316245317459
1543814737.0060298,1181683,0.1769905388355255
1543814885.4854336,1201177,0.12727081775665283
1543814910.1020236,1204198,0.09859748184680939
1543814939.8342876,1208000,0.08045940846204758
1543815042.208762,1220535,0.049366213381290436
1543815100.2609198,1227669,0.07592934370040894
1543815163.3354888,1235366,0.05900184437632561
1543815212.3578634,1241317,0.031199587509036064
1543815218.2555983,1242040,0.03707747906446457
1543815282.845527,1249624,0.16942614316940308
1543815398.461165,1263344,0.015994329005479813
1543815428.3088613,1266684,0.0876854807138443
1543815434.4502466,1267424,0.03936310112476349
1543815501.2823465,1275720,0.059739239513874054
1543815633.6860998,1292456,0.04740935564041138
1543815649.3137836,1294315,0.05041152611374855
1543815682.5215285,1298439,0.03972276300191879
1543815775.688658,1309773,0.04822807013988495
1543815778.067737,1310050,0.033816859126091
1543815820.2878168,1315299,0.06722814589738846
1543815863.4855716,1320495,0.07235143333673477
1543815876.2164218,1322085,0.04948542267084122
1543815894.4850678,1324455,0.0908837765455246
1543815982.0740588,1335336,0.08519250154495239
1543816001.9380143,1337663,0.09539593756198883
1543816014.5364103,1339282,0.11039403080940247
1543816069.3630445,1345648,0.057088010013103485
1543816139.8712502,1353721,0.10495074093341827
1543816160.8038876,1356118,0.07902286946773529
1543816218.098537,1362767,0.07452976703643799
1543816226.1744838,1363832,0.11143557727336884
1543816229.3593981,1364223,0.034068506211042404
1543816234.673267,1364883,0.05643557757139206
1543816239.2783673,1365327,0.03896830976009369
1543816281.9552698,1370294,0.04861018806695938
1543816299.340411,1372261,0.05138862878084183
1543816299.6281493,1372309,0.043278198689222336
1543816351.9787805,1378270,0.05997727811336517
1543816399.9038038,1383716,0.12096196413040161
1543816427.1043618,1386737,0.08887821435928345
1543816529.452681,1398169,0.08533728867769241
1543816550.888751,1400601,0.10911182314157486
1543816594.1763349,1405538,0.05449238047003746
1543816811.431947,1430790,0.06652767956256866
1543816934.9814875,1444732,0.05637568235397339
1543816979.784855,1449702,0.07831130921840668
1543817004.0669768,1452446,0.09906995296478271
1543817011.9995143,1453266,0.08373464643955231
1543817031.4588528,1455562,0.14470630884170532
1543817050.4928672,1457671,0.042254626750946045
1543817052.3085747,1457808,0.06650624424219131
1543817099.7032948,1463127,0.04183194041252136
1543817219.1692991,1476721,0.060403741896152496
1543817259.7129998,1481480,0.060412779450416565
1543817272.466172,1482864,0.07353198528289795
1543817368.555244,1493540,0.08318976312875748
1543817379.6877003,1494823,0.06169361621141434
1543817393.2879844,1496178,0.06764526665210724
1543817395.866261,1496438,0.05603773891925812
1543817402.0929,1497131,0.056491803377866745
1543817407.5698438,1497747,0.07211385667324066
1543817508.6959875,1509479,0.11437627673149109
1543817583.6897554,1517835,0.06639252603054047
1543817596.5242643,1519164,0.12881210446357727
1543817608.063164,1520389,0.035170700401067734
1543817647.1783347,1524915,0.04000723361968994
1543817649.970872,1525185,0.051665809005498886
1543817674.8726258,1527851,0.10564380139112473
1543817679.93956,1528408,0.1265987753868103
1543817686.0923917,1529135,0.07287244498729706
1543817752.7486534,1536356,0.11444941908121109
1543817755.8086207,1536711,0.06660442054271698
1543817820.0667543,1543899,0.1139943078160286
1543817839.765042,1545941,0.05028194561600685
1543818055.4162614,1570369,0.0901539996266365
1543818061.1336255,1571064,0.07276953756809235
1543818074.8745568,1572437,0.1535750776529312
1543818147.422688,1580396,0.05573853850364685
1543818234.2975345,1590456,0.15395388007164001
1543818347.8289602,1603269,0.06389954686164856
1543818381.334329,1607152,0.1191231980919838
1543818466.3250787,1616596,0.14366820454597473
1543818479.9334917,1617992,0.15984857082366943
1543818537.9673607,1624483,0.1641068160533905
1543818543.4793477,1625165,0.15226738154888153
1543818568.8705556,1628062,0.08653321862220764
1543818625.822251,1634496,0.06978344917297363
1543818758.8393013,1649866,0.08287793397903442
1543818774.5315144,1651501,0.08707719296216965
1543818799.479456,1654233,0.07079565525054932
1543818866.9143784,1661675,0.09687823057174683
1543818914.781997,1666915,0.08259709179401398
1543818943.024639,1670044,0.12502238154411316
1543818997.2754018,1676042,0.026180505752563477
1543819092.261534,1686599,0.22756408154964447
1543819116.128306,1689163,0.07423722743988037
1543819210.458648,1699859,0.08317685127258301
1543819213.2934952,1700172,0.08012707531452179
1543819281.657699,1707629,0.07214471697807312
1543819321.7043936,1712114,0.05070967972278595
1543819333.1144865,1713310,0.1031106561422348
1543819369.008918,1717132,0.041342511773109436
1543819559.121436,1737486,0.05956806242465973
1543819616.7632203,1744166,0.0932091474533081
1543819620.3321323,1744542,0.1092255711555481
1543819636.5652587,1746232,0.10311401635408401
1543819636.8643203,1746280,0.08011466264724731
1543819704.9667518,1753960,0.13118204474449158
1543819812.5813317,1765846,0.05460300296545029
1543819823.1837497,1767071,0.09808630496263504
1543819883.2995675,1773311,0.08914197236299515
1543819900.707306,1775128,0.09573579579591751
1543819944.790828,1780096,0.07266812026500702
1543820021.6899512,1788662,0.0692804753780365
1543820136.1228974,1801398,0.10495690256357193
1543820180.7687068,1806485,0.09164245426654816
1543820229.6932063,1811795,0.09575612843036652
1543820276.2038224,1817175,0.1076224073767662
1543820286.881082,1818205,0.12169091403484344
1543820305.3806791,1820460,0.06820426136255264
1543820393.7640672,1830559,0.08764557540416718
1543820451.9922526,1836753,0.08966142684221268
1543820494.8696642,1841450,0.17447315156459808
1543820506.3979614,1842833,0.20696350932121277
1543820619.6600616,1855633,0.07901090383529663
1543820654.196087,1859359,0.06271904706954956
1543820686.945269,1863035,0.05483396351337433
1543820723.4513004,1867006,0.12257859855890274
1543820737.7028208,1868618,0.15240466594696045
1543820757.8630645,1870665,0.07482950389385223
1543820799.8093529,1875333,0.1270952820777893
1543820847.0958436,1880247,0.05082479491829872
1543820951.3612547,1891396,0.06827527284622192
1543821033.7841265,1900504,0.13136032223701477
1543821052.485045,1902759,0.046800583600997925
1543821102.6375346,1908283,0.0689506083726883
1543821232.2273629,1922057,0.06396856904029846
1543821281.293577,1927338,0.12789151072502136
1543821292.422567,1928478,0.04008064419031143
1543821307.1061702,1930096,0.2043476551771164
1543821320.9553938,1931617,0.0905361920595169
1543821349.9088752,1934614,0.09386976063251495
1543821368.1100266,1936771,0.071478471159935
1543821398.2334137,1939968,0.08951965719461441
1543821475.886522,1948626,0.10403105616569519
1543821479.2350333,1949051,0.10345080494880676
1543821588.2262695,1960651,0.12138937413692474
1543821614.296004,1963447,0.06491652131080627
1543821651.2483072,1967200,0.0830913558602333
1543821655.8758101,1967698,0.07023724913597107
1543821666.6848395,1968759,0.05667548254132271
1543821673.045103,1969378,0.08079921454191208
1543821675.307306,1969575,0.10914840549230576
1543821711.0105186,1973382,0.05896206945180893
1543821768.089153,1979661,0.06609717011451721
1543821846.1277092,1988259,0.10819371044635773
1543821907.2272902,1994763,0.13797205686569214
1543821917.1167257,1995873,0.060741402208805084
1543822021.546708,2007108,0.09479065239429474
1543822023.2320511,2007348,0.05508877709507942
1543822025.843563,2007624,0.04363836348056793
1543822057.6233034,2011063,0.1009187251329422
1543822120.188204,2017536,0.039337269961833954
1543822152.325517,2021077,0.07668756693601608
1543822181.872805,2024476,0.05609099939465523
1543822184.5264833,2024850,0.09174276888370514
1543822261.4782398,2033243,0.10459800064563751
1543822271.0999472,2034368,0.12455692887306213
1543822293.9488678,2037092,0.0926683247089386
1543822326.268513,2040941,0.24083459377288818
1543822344.1761537,2042827,0.05858208239078522
1543822424.5989082,2051581,0.062342483550310135
1543822560.760153,2066180,0.06556620448827744
1543822701.7407203,2081509,0.125061497092247
1543822826.011997,2094997,0.0739315003156662
1543822826.1206832,2095013,0.12838388979434967
1543822837.471725,2096075,0.088019460439682
1543822936.3682268,2106507,0.13620713353157043
1543823004.714358,2113984,0.09256833046674728
1543823012.0867958,2114587,0.1367296427488327
1543823048.36362,2118287,0.07190899550914764
1543823079.4647264,2121782,0.10750362277030945
1543823090.406802,2123174,0.20330484211444855
1543823193.477089,2134551,0.058549921959638596
1543823217.5128853,2137074,0.0834786593914032
1543823287.87416,2144971,0.1952614039182663
1543823326.8398175,2149234,0.11607028543949127
1543823465.4339004,2164734,0.07760563492774963
1543823472.2061796,2165499,0.16646721959114075
1543823508.9979436,2169691,0.13406431674957275
1543823585.488847,2178217,0.05958664417266846
1543823634.8020542,2183400,0.08593495190143585
1543823661.9344914,2186368,0.07055561244487762
1543823705.6712964,2191156,0.059609975665807724
1543823763.82261,2197819,0.05811244249343872
1543823794.3225691,2201253,0.04030654579401016
1543823913.108019,2214608,0.10451379418373108
1543823989.3205109,2222954,0.19693723320960999
1543823990.7008908,2223146,0.15912467241287231
1543824038.1709907,2228189,0.0440102145075798
1543824059.52425,2230444,0.1034078374505043
1543824089.9391315,2233752,0.055517349392175674
1543824208.1115148,2246563,0.14940598607063293
1543824214.927283,2247300,0.09594662487506866
1543824227.8222134,2248640,0.20375940203666687
1543824272.8497655,2253558,0.033530645072460175
1543824278.7980304,2254150,0.08689777553081512
1543824299.2389064,2256431,0.10425139963626862
1543824389.142546,2265701,0.125260591506958
1543824424.9227345,2269855,0.08155135810375214
1543824447.2823634,2272032,0.07626958191394806
1543824493.6116862,2277547,0.1200561672449112
1543824580.7785358,2287064,0.0742327868938446
1543824645.710007,2293962,0.08491599559783936
1543824703.3905003,2301056,0.09119221568107605
1543824734.6338665,2304281,0.10798903554677963
1543824830.1919541,2315431,0.12888383865356445
1543825060.4611163,2341578,0.1602032631635666
1543825060.572212,2341594,0.1479429006576538
1543825087.3902872,2344203,0.1966753602027893
1543825093.206544,2344788,0.12362560629844666
1543825100.3924894,2345521,0.15416380763053894
1543825182.4932318,2354224,0.10578302294015884
1543825252.7666695,2361698,0.09132976830005646
1543825331.8705187,2370472,0.0674530565738678
1543825334.5484421,2370693,0.08152701705694199
1543825355.2340157,2373361,0.21583926677703857
1543825416.9207773,2379685,0.13702398538589478
1543825521.170228,2390709,0.12729784846305847
1543825526.3538806,2391160,0.09649934619665146
1543825532.3875718,2391762,0.23533755540847778
1543825633.0791626,2401893,0.13682284951210022
1543825739.7249036,2412614,0.05986151844263077
1543825751.1543808,2413841,0.08313700556755066
1543825793.953442,2418751,0.1181052178144455
1543825840.3522038,2423691,0.14218375086784363
1543826155.9872253,2456813,0.17206871509552002
1543826186.9667504,2459814,0.026006700471043587
1543826272.0662835,2468804,0.06908205151557922
1543826290.165906,2470794,0.0534476563334465
1543826317.705933,2473726,0.059581197798252106
1543826335.4476316,2475738,0.12041407823562622
1543826380.902486,2480503,0.2293829470872879
1543826417.1336505,2484447,0.14207640290260315
1543826436.6146545,2486560,0.08654026687145233
1543826577.425911,2500893,0.190835103392601
1543826610.6794813,2505066,0.16250848770141602
1543826627.137149,2506805,0.08206920325756073
1543826645.1076298,2508822,0.14943616092205048
1543826653.7417839,2509765,0.08692049980163574
1543826725.9230406,2517285,0.10419537127017975
1543826753.7132695,2520293,0.10371018946170807
1543826873.908712,2532921,0.09775885194540024
1543826916.737263,2537434,0.10179226845502853
1543827061.988458,2552668,0.20309016108512878
1543827071.7672784,2553747,0.28147685527801514
1543827099.232002,2556395,0.10337216407060623
1543827251.7661521,2572806,0.13209298253059387
1543827297.81508,2578114,0.1401672661304474
1543827353.0173743,2583669,0.16737331449985504
1543827374.418421,2585992,0.13413488864898682
1543827478.8717952,2596938,0.18517577648162842
1543827506.9176927,2600085,0.15660101175308228
1543827577.8032963,2607485,0.10620427131652832
1543827580.5355492,2607711,0.19741344451904297
1543827596.6257389,2609532,0.11554969847202301
1543827673.8891523,2617528,0.11167419701814651
1543827695.266029,2619728,0.1512972116470337
1543827815.8204265,2632419,0.05310966819524765
1543827865.8016357,2637473,0.1527341604232788
1543827931.1622655,2644089,0.22581467032432556
1543827959.614825,2646881,0.06905491650104523
1543828020.7005758,2653070,0.14611302316188812
1543828021.3031719,2653150,0.11589335650205612
1543828024.337455,2653395,0.1971077024936676
1543828088.0647385,2659881,0.06510430574417114
1543828094.2221968,2660647,0.11301755160093307
1543828193.2962694,2670991,0.06657136976718903
1543828217.7312565,2673768,0.19513383507728577
1543828271.264991,2679527,0.0717216283082962
1543828459.7283266,2699295,0.05773833394050598
1543828521.8116539,2705773,0.14787760376930237
1543828549.8022676,2708600,0.11573442816734314
1543828559.0403721,2709527,0.09940330684185028
1543828662.5228279,2720477,0.08395566791296005
1543828669.8382175,2721357,0.09414660930633545
1543828675.9864233,2721957,0.12820491194725037
1543828678.3758922,2722226,0.09381921589374542
1543828693.7360103,2723783,0.09631219506263733
1543828700.430918,2724475,0.2967592477798462
1543828814.7713358,2735886,0.06859782338142395
1543828862.091854,2740641,0.1648486852645874
1543828908.481363,2745396,0.060608431696891785
1543829031.2904887,2757911,0.09813044220209122
1543829039.321698,2758638,0.06366695463657379
1543829098.5418277,2764456,0.12379761785268784
1543829098.6626456,2764472,0.10029918700456619
1543829206.4312832,2775590,0.055822428315877914
1543829233.9043279,2778494,0.07446284592151642
1543829292.0949128,2784437,0.297739177942276
1543829321.621018,2787806,0.026713408529758453
1543829367.0208368,2792341,0.07731524109840393
1543829410.6670997,2796593,0.17208263278007507
1543829434.0124118,2799015,0.03861252963542938
1543829496.282186,2805083,0.18312206864356995
1543829507.0766072,2806211,0.05387759208679199
1543829531.04623,2808536,0.097745880484581
1543829555.5399244,2810975,0.11105658859014511
1543829785.5370858,2835576,0.06030145660042763
1543829800.9807816,2837109,0.05107969790697098
1543829903.112701,2847493,0.10251860320568085
1543829977.5419571,2855236,0.04081998020410538
1543830134.3314588,2871139,0.17910084128379822
1543830269.3513367,2885392,0.10525943338871002
1543830289.3567233,2887295,0.22884321212768555
1543830315.0697021,2890148,0.1121990904211998
1543830338.9886215,2892544,0.17119526863098145
1543830349.6393068,2893549,0.07610269635915756
1543830364.1321304,2895053,0.11347538977861404
1543830364.6276176,2895117,0.0909988209605217
1543830515.6006346,2910589,0.15286006033420563
1543830562.6067717,2915090,0.11877445876598358
1543830600.8159924,2919331,0.09513291716575623
1543830611.5730426,2920453,0.15690968930721283
1543830624.539427,2921744,0.26900795102119446
1543830731.415872,2932843,0.12571823596954346
1543830770.9864128,2937129,0.08705607056617737
1543830791.0356655,2939190,0.10051079839468002
1543830827.07856,2942601,0.1060614138841629
1543830829.9218853,2943003,0.2027183473110199
1543830836.6475115,2943672,0.09932640194892883
1543830843.9420388,2944473,0.12706705927848816
1543830862.4287221,2946231,0.07133254408836365
1543830871.7896621,2947209,0.04192684590816498
1543830907.5098214,2950585,0.1832888424396515
1543830924.5725312,2952464,0.15164503455162048
1543830955.181178,2955853,0.15308617055416107
1543831116.721146,2972123,0.09264528751373291
1543831164.0779815,2976933,0.043678008019924164
1543831319.662375,2992703,0.16291895508766174
1543831332.1847403,2994003,0.10652026534080505
1543831344.2001321,2995224,0.14873924851417542
1543831507.2344227,3012780,0.18216848373413086
1543831535.4600408,3015626,0.06648992002010345
1543831638.434217,3026626,0.17567184567451477
1543831715.8237655,3034656,0.1546163558959961
1543831741.6745114,3037291,0.07920394837856293
1543831744.6022663,3037594,0.07640988379716873
1543831873.3611808,3051278,0.12312415987253189
1543831924.3040066,3056579,0.08373613655567169
1543831958.672155,3060117,0.09619278460741043
1543831973.4662802,3061860,0.1458193063735962
1543832001.59941,3064958,0.08744120597839355
1543832005.3071554,3065370,0.08660132437944412
1543832018.0793335,3066701,0.12109145522117615
1543832049.7255206,3070156,0.14600008726119995
1543832067.9482224,3072375,0.18409490585327148
1543832077.2909546,3073305,0.1069115474820137
1543832114.3947668,3077272,0.08706353604793549
1543832174.205295,3083433,0.07052656263113022
1543832196.3626285,3085832,0.06708864867687225
1543832381.7425842,3105189,0.09971626102924347
1543832413.1128545,3108235,0.08904863148927689
1543832465.9044292,3113609,0.11523913592100143
1543832488.2965178,3115796,0.06226638704538345
1543832538.6423306,3120902,0.11121092736721039
1543832621.3050632,3129194,0.07683594524860382
1543832631.0874107,3130147,0.08562803268432617
1543832665.4436948,3133621,0.08607496321201324
1543832672.4855103,3134289,0.08422775566577911
1543832720.8425074,3139440,0.12505781650543213
1543832809.30503,3148601,0.07775796949863434
1543832814.9015677,3149263,0.11497464776039124
1543832849.317339,3152979,0.08625508844852448
1543832963.63194,3164718,0.07630468904972076
1543832968.7334328,3165229,0.11614686250686646
1543833001.2850041,3168344,0.08276218175888062
1543833001.4107828,3168360,0.09847274422645569
1543833013.977043,3169533,0.07162889838218689
1543833088.8696449,3177182,0.07040302455425262
1543833102.3679316,3178597,0.07439535111188889
1543833129.690332,3181548,0.24466675519943237
1543833229.352,3191883,0.08851233124732971
1543833356.7383907,3204932,0.06643953919410706
1543833485.7106435,3217932,0.08637751638889313
1543833531.9302516,3222759,0.08324174582958221
1543833649.6570194,3235486,0.09025073051452637
1543833675.5476625,3237974,0.07248318940401077
1543833714.8649464,3242029,0.11293560266494751
1543833752.1828382,3245758,0.09449046105146408
1543833811.138377,3252108,0.16601750254631042
1543833816.1620483,3252548,0.16094276309013367
1543833853.1575537,3256459,0.11895699799060822
1543833921.814725,3263938,0.3009093105792999
1543833936.6779482,3265440,0.1338324397802353
1543833974.3405864,3269873,0.12717555463314056
1543833991.4283872,3272004,0.14882981777191162
1543834022.3007627,3275310,0.15566129982471466
1543834070.0712922,3280397,0.12760458886623383
1543834145.6672974,3288558,0.09708519279956818
1543834173.4134116,3291407,0.21628853678703308
1543834214.0978346,3295335,0.08016952872276306
1543834244.7253811,3298444,0.049671195447444916
1543834278.0837967,3302036,0.17325752973556519
1543834307.6616282,3305117,0.04979172348976135
1543834394.127805,3314236,0.11438273638486862
1543834439.599322,3318553,0.09136300534009933
1543834501.0500991,3325023,0.27386951446533203
1543834517.8449485,3326791,0.04228512942790985
1543834562.3051357,3331357,0.0958641916513443
1543834621.2996,3337640,0.05683915317058563
1543834760.1151366,3352132,0.13407906889915466
1543834840.2896736,3360148,0.04738132283091545
1543834847.307904,3360964,0.07981859147548676
1543834849.5993438,3361190,0.09088819473981857
1543834958.9731827,3372241,0.09074755758047104
1543834995.0703647,3376400,0.23965297639369965
1543835101.9004748,3388130,0.048982471227645874
1543835125.969652,3390769,0.14162883162498474
1543835141.6662374,3392413,0.07387760281562805
1543835164.555642,3394764,0.06267714500427246
1543835215.8406937,3400254,0.17279064655303955
1543835253.1267984,3404163,0.04887206852436066
1543835381.6795423,3416964,0.09595710784196854
1543835427.4011457,3421949,0.07016288489103317
1543835517.6972334,3430774,0.07015086710453033
1543835529.4561534,3431931,0.13359729945659637
1543835549.0741966,3433887,0.11274459213018417
1543835603.1768022,3439116,0.11222042143344879
1543835707.0675333,3449651,0.09486429393291473
1543835744.7794335,3453317,0.053530965000391006
1543835803.4366972,3459244,0.09543217718601227
1543835900.2894716,3469320,0.023633694276213646
1543836018.9343877,3481399,0.11243191361427307
1543836037.4090517,3483378,0.13952404260635376
1543836060.6904988,3485631,0.06687186658382416
1543836118.4846046,3491393,0.17723345756530762
1543836210.3915508,3500886,0.11057059466838837
1543836217.7646217,3501626,0.10311628878116608
1543836315.0624673,3511674,0.127732515335083
1543836377.1755702,3518068,0.1099601462483406
1543836411.2408967,3521711,0.08927781879901886
1543836466.6251786,3527237,0.07262124121189117
1543836535.5572684,3534362,0.054087527096271515
1543836591.924024,3540303,0.09745915979146957
1543836679.3178642,3548688,0.08270420879125595
1543836679.8088129,3548752,0.06748726218938828
1543836691.3929656,3549821,0.11792492866516113
1543836761.1664553,3556434,0.07744478434324265
1543836795.0840402,3559809,0.11689722537994385
1543836884.1976998,3568485,0.08974780142307281
1543836964.9786093,3576733,0.057811059057712555
1543837031.5008574,3583315,0.10223634541034698
1543837041.702946,3584384,0.06758857518434525
1543837053.5415516,3585372,0.15057417750358582
1543837054.186885,3585452,0.14439867436885834
1543837108.021151,3591052,0.057190410792827606
1543837117.2959275,3592049,0.10846196115016937
1543837117.5504856,3592081,0.1059105396270752
1543837158.7960262,3596412,0.07279753684997559
1543837180.6289687,3598590,0.07006296515464783
1543837289.945533,3609280,0.07866780459880829
1543837406.7379394,3621054,0.12359308451414108
1543837468.2239122,3627071,0.08788961917161942
1543837575.4008179,3638377,0.05147266760468483
1543837653.5296302,3646143,0.09078235924243927
1543837697.5995116,3650559,0.08515964448451996
1543837700.3292813,3650825,0.0909077376127243
1543837741.0866272,3654888,0.07548946887254715
1543837757.0992582,3656513,0.10311704874038696
1543837787.555343,3659789,0.11135002970695496
1543837792.2426214,3660278,0.12709632515907288
1543837832.83959,3664613,0.1560254544019699
1543837854.0307844,3666489,0.050169169902801514
1543837865.4574451,3667593,0.1059473305940628
1543837874.9983976,3668522,0.1485900580883026
1543837965.1717024,3677580,0.08682405948638916
1543837979.0924466,3678963,0.05987811088562012
1543838032.820783,3684397,0.07947178184986115
1543838041.9193614,3685378,0.135946124792099
1543838057.523638,3686914,0.0819706916809082
1543838285.7971482,3709145,0.06581972539424896
1543838290.784721,3709626,0.058044880628585815
1543838291.6507177,3709738,0.0637863278388977
1543838297.011886,3710244,0.10761328786611557
1543838304.3037944,3711049,0.08911463618278503
1543838382.8566315,3719038,0.07552845031023026
1543838423.4637089,3723054,0.053037285804748535
1543838504.3977942,3731348,0.08575060218572617
1543838524.2098293,3733735,0.04077252000570297
1543838873.5656257,3768309,0.05602351948618889
1543839093.9391043,3791266,0.16804352402687073
1543839172.5900176,3798959,0.10521368682384491
1543839347.8392546,3816502,0.1061718538403511
1543839477.7433152,3829621,0.11948958784341812
1543839480.7342694,3829942,0.27973371744155884
1543839500.8575644,3831833,0.13801877200603485
1543839544.6180706,3836178,0.06432820111513138
1543839716.9742286,3853176,0.11321074515581131
1543839762.5702481,3857671,0.08499269932508469
1543839772.3039074,3858665,0.05561719462275505
1543839817.187196,3863332,0.09718891978263855
1543839841.2746625,3865670,0.10453855991363525
1543839996.0431292,3881364,0.05257052555680275
1543840052.2879398,3887056,0.13746221363544464
1543840092.9875672,3891392,0.07323695719242096
1543840179.666568,3899954,0.18100211024284363
1543840180.1544468,3900018,0.1360182911157608
1543840259.9940698,3908616,0.1412200778722763
1543840265.8875594,3909159,0.10172275453805923
1543840338.7263598,3916767,0.14605003595352173
1543840340.2107325,3916877,0.21325843036174774
1543840448.3118713,3927997,0.10392937064170837
1543840458.4457178,3929057,0.09817533195018768
1543840681.6095378,3952857,0.08544130623340607
1543840757.1170464,3960921,0.0966133251786232
1543840784.8858783,3963852,0.14463208615779877
1543840867.8951364,3973056,0.19281992316246033
1543840890.876812,3975294,0.07961244136095047
1543840941.089018,3980574,0.06783583760261536
1543840991.2590759,3986294,0.1636238694190979
1543841042.2025642,3991805,0.1473783552646637
1543841221.3633106,4010606,0.06478846073150635
1543841345.1365216,4023180,0.13782799243927002
1543841376.7103195,4026314,0.1293010115623474
1543841450.9510982,4034413,0.08369724452495575
1543841478.7370627,4037300,0.13081611692905426
1543841612.396872,4051421,0.09532434493303299
1543841798.2475748,4070718,0.09033572673797607
1543841910.2846937,4081947,0.14212390780448914
1543841950.225672,4086214,0.10486883670091629
1543842051.750021,4097107,0.06597505509853363
1543842069.6234655,4099019,0.08169937133789062
1543842072.4357862,4099246,0.07278379052877426
1543842134.2893627,4105565,0.06539561599493027
1543842171.591873,4109270,0.12811847031116486
1543842178.2215672,4109984,0.09224730730056763
1543842266.4827232,4118902,0.17715638875961304
1543842278.9426682,4120054,0.14705389738082886
1543842378.3680425,4130585,0.19100840389728546
1543842380.8703,4130810,0.16044262051582336
1543842420.4915783,4134795,0.13822609186172485
1543842445.0473473,4137142,0.09596343338489532
1543842499.875508,4143193,0.10310684144496918
1543842566.2946265,4149382,0.19859977066516876
1543842629.975617,4155845,0.08414256572723389
1543842691.0300522,4161697,0.09987147897481918
1543842721.8409226,4164624,0.07534145563840866
1543842890.66438,4181373,0.07484813034534454
1543842997.9613938,4192098,0.07670290023088455
1543843013.2482057,4193526,0.10551261901855469
1543843148.8906121,4207160,0.1134219691157341
1543843192.0142436,4211729,0.06158694252371788
1543843198.8396943,4212297,0.12754812836647034
1543843296.3518498,4221694,0.2026602178812027
1543843308.7746286,4222976,0.14074593782424927
1543843319.1284883,4223932,0.0890340805053711
1543843437.731864,4236169,0.33180588483810425
1543843562.2582653,4248433,0.08911503851413727
1543843575.8459315,4249791,0.1062939316034317
1543843581.6354778,4250407,0.17456068098545074
1543843768.0681324,4269041,0.05931093171238899
1543843858.1713405,4277794,0.061720725148916245
1543843879.3872662,4279556,0.2602856755256653
1543843908.3431683,4282460,0.10516989976167679
1543843940.8440592,4285540,0.09015020728111267
1543844011.1612263,4292637,0.07103829085826874
1543844016.479721,4293223,0.08629457652568817
1543844045.7673032,4296038,0.0747857540845871
1543844221.7157423,4314076,0.10939406603574753
1543844270.106907,4318899,0.11821286380290985
1543844291.0046513,4320922,0.08910229802131653
1543844323.8845804,4324134,0.054272353649139404
1543844338.4487348,4325473,0.10918614268302917
1543844397.1818316,4331266,0.06075003743171692
1543844419.0876296,4333540,0.07853138446807861
1543844510.0049293,4342111,0.08216972649097443
1543844532.7709737,4344222,0.06847308576107025
1543844618.7330456,4353369,0.16005325317382812
1543844631.3483639,4354566,0.058040812611579895
1543844708.192182,4362441,0.13908042013645172
1543844754.2188778,4366804,0.1295158863067627
1543844773.2488143,4368912,0.08121044188737869
1543844960.502055,4387861,0.11343170702457428
1543845070.2169552,4399331,0.09501508623361588
1543845278.2493927,4420125,0.07567709684371948
1543845313.0205896,4423652,0.0845736563205719
1543845329.9218688,4425300,0.05553395301103592
1543845402.6122305,4432546,0.06405308842658997
1543845609.1632006,4453522,0.12915922701358795
1543845627.950883,4455528,0.06348978728055954
1543845630.6596239,4455822,0.2404254525899887
1543845677.2099586,4460570,0.09434511512517929
1543845711.1742463,4464041,0.1210145354270935
1543845837.618008,4477202,0.11124906688928604
1543845855.1353931,4478823,0.08912482857704163
1543845914.8278506,4484658,0.08797968178987503
1543845947.2674406,4488048,0.10237947851419449
1543845947.5233397,4488080,0.12372930347919464
1543845987.9660835,4492149,0.1009392961859703
1543846069.396889,4500468,0.08606921136379242
1543846069.7777638,4500516,0.12481777369976044
1543846088.4002583,4502328,0.058209121227264404
1543846140.8387911,4508061,0.12520861625671387
1543846150.4232466,4509081,0.16840782761573792
1543846206.8317745,4514898,0.16047824919223785
1543846237.7292867,4517859,0.20743206143379211
1543846263.6424284,4520553,0.1599963903427124
1543846304.3807237,4524736,0.10403749346733093
1543846334.8899403,4527963,0.11841161549091339
1543846394.2012148,4534244,0.1672741174697876
1543846419.5206122,4536835,0.16046008467674255
1543846545.8433785,4549598,0.09532073885202408
1543846750.7024484,4570973,0.0681828185915947
1543846773.0265865,4573540,0.10515842586755753
1543846777.480212,4574002,0.16231736540794373
1543846824.5788906,4578906,0.09904871881008148
1543846913.887808,4587283,0.05203966423869133
1543847028.0156815,4598818,0.04507317766547203
1543847029.4018457,4598883,0.061490945518016815
1543847030.9756489,4599091,0.05045121908187866
1543847061.0203078,4601870,0.06782545894384384
1543847095.6206303,4605117,0.056727148592472076
1543847120.7960238,4607647,0.12937098741531372
1543847131.262562,4608692,0.10887535661458969
1543847162.6364768,4611967,0.05234890431165695
1543847174.9645255,4613427,0.055486083030700684
1543847221.8281307,4618173,0.04670829325914383
1543847257.4195385,4621879,0.07587511092424393
1543847313.3765466,4627362,0.0897594690322876
1543847341.82026,4630314,0.09289775043725967
1543847371.6490886,4633328,0.02674177475273609
1543847390.1865587,4635469,0.0901762992143631
1543847472.9716308,4644149,0.05970334634184837
1543847560.5458589,4652855,0.0644259974360466
1543847638.539312,4660520,0.07229640334844589
1543847669.2848034,4663921,0.07670250535011292
1543847701.959055,4667027,0.147930309176445
1543847800.1159132,4676977,0.14618712663650513
1543847808.7559717,4677945,0.07457301020622253
1543847925.8920639,4690040,0.09507687389850616
1543847977.3192184,4695226,0.12323050200939178
1543848038.2451615,4701331,0.06750620901584625
1543848073.7005587,4705247,0.059808481484651566
1543848076.9469154,4705604,0.07277867943048477
1543848179.645876,4716648,0.04136353358626366
1543848204.0335824,4719148,0.08807285130023956
1543848250.0849524,4723904,0.1933240443468094
1543848326.8605561,4731575,0.055892761796712875
1543848389.554564,4738059,0.12610188126564026
1543848490.2036674,4748389,0.12122142314910889
1543848533.6846576,4752790,0.07461795210838318
1543848611.2116697,4760598,0.051398150622844696
1543848630.232034,4762582,0.06365315616130829
1543848644.1972585,4763874,0.23203790187835693
1543848715.998181,4771326,0.24969834089279175
1543848767.3730571,4776699,0.03188356012105942
1543848770.335685,4776926,0.14837245643138885
1543849010.7989361,4801435,0.1017313227057457
1543849029.9524515,4803615,0.18230152130126953
1543849085.097192,4809277,0.17852041125297546
1543849228.1837418,4824632,0.08008334785699844
1543849271.454008,4829257,0.06594877690076828
1543849432.663079,4846520,0.0675654411315918
1543849499.9726257,4853372,0.10936693847179413
1543849503.261351,4853787,0.05114447697997093
1543849647.7956183,4868328,0.14284363389015198
1543849676.898989,4870935,0.10434788465499878
1543849789.2947187,4883090,0.21063241362571716
1543849814.3753493,4885695,0.058856427669525146
1543849819.226069,4886372,0.095174141228199
1543849825.7030869,4886879,0.06691444665193558
1543849945.756811,4898691,0.044868603348731995
1543849945.993639,4898723,0.06736484169960022
1543849974.2738893,4901396,0.15548360347747803
1543849991.5066035,4903109,0.0959319993853569
1543850079.7148623,4912406,0.13517898321151733
1543850094.3907433,4913910,0.08690217137336731
1543850223.680322,4927574,0.08485245704650879
1543850292.342652,4934735,0.22205311059951782
1543850295.9561167,4935055,0.10738123953342438
1543850335.5783293,4939299,0.13638053834438324
1543850458.9439745,4952200,0.08116539567708969
1543850501.2197652,4957031,0.10216978937387466
1543850523.8640463,4959575,0.09334101527929306
1543850549.1057649,4962284,0.09881355613470078
1543850596.1721795,4967291,0.11855915933847427
1543850622.0395658,4970075,0.15604707598686218
1543850642.8506916,4972378,0.273450642824173
1543850645.5794616,4972707,0.15506461262702942
1543850695.6367662,4977898,0.20796608924865723
1543850749.4601333,4983397,0.23527300357818604
1543850797.0492861,4988276,0.06513205170631409
1543850872.2380042,4996303,0.06222229823470116
1543850888.430534,4997832,0.1590729057788849
1543850920.410603,5001192,0.1786164939403534
1543850967.2756522,5005783,0.15498198568820953
1543851066.720381,5016365,0.11990199983119965
1543851136.2633874,5023619,0.09451218694448471
1543851161.8556237,5026228,0.08541277050971985
1543851197.9040065,5029942,0.18885722756385803
1543851216.35429,5031692,0.10521003603935242
1543851301.2136624,5040079,0.12251309305429459
1543851358.896531,5046241,0.1221914142370224
1543851370.9952013,5047459,0.08011980354785919
1543851476.79563,5058180,0.08219282329082489
1543851571.060824,5068082,0.12883980572223663
1543851624.1709678,5073740,0.12487047910690308
1543851667.5367332,5078322,0.17508810758590698
1543851888.2299623,5102055,0.12291247397661209
1543851917.1932378,5105626,0.11258603632450104
1543851946.175033,5108375,0.10921350121498108
1543851958.059163,5109619,0.1115252673625946
1543851990.1604817,5112963,0.10032755881547928
1543852030.793894,5117173,0.18449696898460388
1543852066.8447847,5121125,0.1403673142194748
1543852097.041954,5124242,0.08602717518806458
1543852099.469064,5124507,0.12323756515979767
1543852221.0714028,5137563,0.19495701789855957
1543852221.6798003,5137643,0.11133122444152832
1543852266.6433494,5142113,0.05045244097709656
1543852276.771344,5143152,0.04766324535012245
1543852281.7813601,5143551,0.11077076941728592
1543852305.5180318,5145817,0.04894597828388214
1543852317.2217062,5146949,0.23066499829292297
1543852381.6003067,5153577,0.16003596782684326
1543852465.0521436,5162230,0.05566301941871643
1543852519.1378305,5167536,0.12017384171485901
1543852738.2159066,5190520,0.1457999050617218
1543852775.578447,5194281,0.16367974877357483
1543852777.4964964,5194521,0.10557547211647034
1543852792.4694958,5195982,0.035875629633665085
1543852842.7462313,5201181,0.04942314699292183
1543852843.993058,5201341,0.05076947063207626
1543852931.0472853,5210132,0.1975548416376114
1543853030.609706,5220530,0.16928943991661072
1543853059.528666,5223668,0.11047201603651047
1543853113.5727086,5229040,0.05567879229784012
1543853248.4565089,5242829,0.10435164719820023
1543853263.0677674,5244451,0.41595280170440674
1543853325.3022716,5251421,0.23437362909317017
1543853338.8608656,5253051,0.08590161800384521
1543853350.1943367,5254461,0.18355970084667206
1543853390.994398,5258605,0.2247728705406189
1543853408.3830214,5260454,0.10685281455516815
1543853493.392434,5269402,0.04243548586964607
1543853530.2702649,5273236,0.10523782670497894
1543853533.163871,5273628,0.21827206015586853
1543853570.736437,5277648,0.23378229141235352
1543853599.5278306,5280541,0.06925809383392334
1543853654.5608497,5286811,0.11511147022247314
1543853682.7616217,5289841,0.08557479083538055
1543853692.06168,5290705,0.1361350119113922
1543853698.427313,5291355,0.07924694567918777
1543853794.830942,5301072,0.1463027000427246
1543853796.897907,5301283,0.13811320066452026
1543853827.6824963,5304571,0.06706572324037552
1543853829.1819541,5304647,0.1082112044095993
1543853846.3672194,5306477,0.12188919633626938
1543853850.2856898,5306877,0.05364334210753441
1543853926.2231414,5314504,0.14519742131233215
1543853955.05237,5317246,0.08871610462665558
